age,gender,height_cm,weight_kg,body_fat_%,diastolic,systolic,gripForce,sit_and_bend_forward_cm,sit_ups_counts,broad_jump_cm,class,max,min,mean,median,std
0.1822306456056819,0.7620967353749033,0.02313091840430904,0.08117962077620085,0.14589641365019543,0.06529187248194496,0.05425497902376512,0.13509463439713434,inf,0.17962574496415182,0.09704194155465797,0.21748646712724307,inf,0.02313091840430904,inf,0.1404955240236649,
