age,gender,height_cm,weight_kg,body_fat_%,diastolic,systolic,gripForce,sit_and_bend_forward_cm,sit_ups_counts,broad_jump_cm,class,max,min,mean,median,std
0.05729701952723534,0.2678143199725933,0.028348749571771137,0.0340013703323056,0.015159301130524105,0.03691332648167178,0.022867420349434675,0.04573484069886946,0.017386091127098324,0.020469338814662563,0.025351147653305928,0.08992805755395683,0.2678143199725933,0.015159301130524105,0.05510591526778575,0.03117505995203837,0.06719701091733532
