age,gender,height_cm,weight_kg,body_fat_%,diastolic,systolic,gripForce,sit_and_bend_forward_cm,sit_ups_counts,broad_jump_cm,class,max,min,mean,median,std
0.9982870846180201,0.2678143199725933,0.2655960945529292,0.5178973963686195,0.11047401447413499,0.5211545049674549,0.722250770811922,0.6286408016443988,0.15838043850633776,0.43730729701952753,0.8573997944501547,0.1501370332305585,0.9982870846180201,0.11047401447413499,0.4696116292180543,0.47760234669407353,0.2791772369083732
